,52W_High_Ratio,52W_Low_Ratio,52W_ROC,RS,RS_13W,Stop_Loss,g,Risk_Reward
EBS,1.0,9.51,1.0,0.7542372881355932,0.24889178617992175,0.54,1.0397,1.91
ABUS,1.0,2.28,0.85,0.711864406779661,0.5702737940026076,0.84,1.0117,1.2
RCAT,1.0,3.98,1.15,0.7796610169491526,0.5016949152542374,0.53,1.0454,1.98
KINS,0.99,5.76,4.3,0.8389830508474576,0.8190352020860495,0.78,1.0269,1.31
BVS,0.99,2.57,1.07,0.7711864406779662,0.7868318122555411,0.86,1.0131,1.18
LINC,0.98,2.01,1.05,0.7627118644067796,0.7409387222946544,0.85,1.0121,1.2
OXBR,0.95,3.74,0.88,0.7203389830508474,0.576271186440678,0.7,1.03,1.48
COE,1.0,2.99,1.27,0.788135593220339,0.5946544980443286,0.54,1.0424,1.92
